titulo,modelo,marca,tecnologia,tipo,precio,condicion,envio,ubicacion,opiniones,vendedor_url,tipo_vendedor,ventas_vendedor,image_name,image_urls
Impresora Multifuncional Canon Pixma Mg 2520,,,,,8.800.000,,,,,,,,,
Impresora Termica Tickera 58mm Loteria Parley Comanda Usb,,,,,6.400.000,,,,,,,,,
Impresora Hp C4480 Repuesto,,,,,25.000,,,,,,,,,
Impresora Hp 1015 O 1115 + Sistema De Tinta Instalado,,,,,12.999.999,,,,,,,,,
Se Vende Impresoras Hp 1015 Totalmente Nuevas,,,,,4.500.000,,,,,,,,,
Impresora Termica Tickera Nueva Tiquera Usb Bagc,,,,,4.799.990,,,,,,,,,
Hp F4480 - Tarjeta Logica - Tienda,,,,,460.000,,,,,,,,,
Impresora Multifuncional Epson Xp231 - Multifuncional,,,,,22.270.000,,,,,,,,,
Impresora Termica Tickera Para Loteria Parley Usb Tienda,,,,,6.875.000,,,,,,,,,
Impresora Multifuncional Hp 2135 + Sistema Continuo. Tienda,,,,,27.684.387,,,,,,,,,
Snap Recargar Cartucho Succion Color Por Color Hp 122 60 22,,,,,85.000,,,,,,,,,
Impresora Multifuncional Hp Gt-5820 Tinta Original Wifi Bagc,,,,,54.444.410,,,,,,,,,
Impresora Térmica Para Parleys Y Loterias.,,,,,3.000.000,,,,,,,,,
Impresora / Copiadora / Escáner Hp Deskjet 2132 All In,,,,,16.950.000,,,,,,,,,
Recarga Toner + Chip Samsung Sl-c1810w C1860fw Clt- 504s,,,,,1.811.990,,,,,,,,,
Impresora Multifuncional Samsung Laser 2070 Fw Wifi C-iva,,,,,63.750.000,,,,,,,,,
"Impresora Térmica Nueva Lotería, Animalarios, Parley",,,,,4.900.000,,,,,,,,,
Impresora Multifuncional Hp 1515,,,,,800.000,,,,,,,,,
Impresora Multifuncional Canon Mf244dw Red Mf216n Wi-fi Bagc,,,,,52.900.000,,,,,,,,,
Impresora Hp F380 Multifuncional,,,,,1.000.000,,,,,,,,,
Impresora Lexmark X1290,,,,,500.000,,,,,,,,,
Impresora Hp C380,,,,,700.000,,,,,,,,,
Tickera Termica Impresora Loteria Parley Comanda Usb Tienda,,,,,4.850.000,,,,,,,,,
Etiquetas Dymo Codigo 30334 Rollo De 1.000 Etiq,,,,,2.379.800,,,,,,,,,
Cabezal Epson T50,,,,,5.000.000,,,,,,,,,
Impresora Scaner Hp,,,,,4.000.000,,,,,,,,,
Impresora Epson L395 Multifuncional Sistema Continuo Wifi At,,,,,64.999.999,,,,,,,,,
